Workbook

Sheet samplesheetTemplate
A1: CUPID-SEQ SAMPLESHEET TEMPLATE
A2: MAKE A COPY OF THIS TEMPLATE. DO NOT EDIT DIRECTLY.
A3: This template is intended to help you fill out the CUPID-seq samplesheet correctly and efficiently.
A4: Fill out one template for each 96-well plate of samples. If one plate contains multiple groups, then edit rows in column C manually.
A5: Data in columns A–C, rows 22–117 should be copied to the CUPID-seq samplesheet.
A6: Required fields are listed in green.
A7: well ordering | B7: A01 A02 A03... | C7: Indicate if sample names are arranged in A01, B01, C01... or A01, A02, A03... format.
A8: Round 1 index | B8: 0 | C8: Round 1 in-line index that was used for this plate.
A9: Round 2 index | B9: A | C9: Round 2 Illumina UDI set.
A10: group | B10: default | C10: Samples in the same group will be demultiplexed into the same folder.
A11: plate | B11: platename | C11: Optional plate name. By default, sample names are populated as [platename]-[well].
A12: run name | B12: 16S | C12: Optional run name. By default, runs are named '16S'.
A14: Check that names are valid (include no underscores, spaces, or commas; hyphens are allowed).
A15: filename | B15: {=SUMPRODUCT(COUNTIF(A22:A117, {"*_*","*.*","* *"})) = 0} -> TRUE
A16: sample | B16: {=SUMPRODUCT(COUNTIF(B22:B117, {"*_*","*.*","* *"})) = 0} -> TRUE
A17: group | B17: {=SUMPRODUCT(COUNTIF(C22:C117, {"*_*","*.*","* *"})) = 0} -> TRUE
A19: Columns A, B, and C below should be included in the samplesheet.
A20: Enter a name that is unique for every sample. Names should not contain underscores, commas, periods, whitespace, or special characters. Hyphens are acceptable.
A21: filename | B21: sample | C21: group
A22: =CONCATENATE($B$12, "-",$B$9,"-",CALCULATIONS!F3,"-L",$B$8) -> 16S-A-A01-L0 | B22: =CONCATENATE($B$11,"-",CALCULATIONS!F3) -> platename-A01 | C22: =$B$10 -> default
A23: =CONCATENATE($B$12, "-",$B$9,"-",CALCULATIONS!F4,"-L",$B$8) -> 16S-A-A02-L0 | B23: =CONCATENATE($B$11,"-",CALCULATIONS!F4) -> platename-A02 | C23: =$B$10 -> default
A24: =CONCATENATE($B$12, "-",$B$9,"-",CALCULATIONS!F5,"-L",$B$8) -> 16S-A-A03-L0 | B24: =CONCATENATE($B$11,"-",CALCULATIONS!F5) -> platename-A03 | C24: =$B$10 -> default
A25: =CONCATENATE($B$12, "-",$B$9,"-",CALCULATIONS!F6,"-L",$B$8) -> 16S-A-A04-L0 | B25: =CONCATENATE($B$11,"-",CALCULATIONS!F6) -> platename-A04 | C25: =$B$10 -> default
A26: =CONCATENATE($B$12, "-",$B$9,"-",CALCULATIONS!F7,"-L",$B$8) -> 16S-A-A05-L0 | B26: =CONCATENATE($B$11,"-",CALCULATIONS!F7) -> platename-A05 | C26: =$B$10 -> default
A27: =CONCATENATE($B$12, "-",$B$9,"-",CALCULATIONS!F8,"-L",$B$8) -> 16S-A-A06-L0 | B27: =CONCATENATE($B$11,"-",CALCULATIONS!F8) -> platename-A06 | C27: =$B$10 -> default
A28: =CONCATENATE($B$12, "-",$B$9,"-",CALCULATIONS!F9,"-L",$B$8) -> 16S-A-A07-L0 | B28: =CONCATENATE($B$11,"-",CALCULATIONS!F9) -> platename-A07 | C28: =$B$10 -> default
A29: =CONCATENATE($B$12, "-",$B$9,"-",CALCULATIONS!F10,"-L",$B$8) -> 16S-A-A08-L0 | B29: =CONCATENATE($B$11,"-",CALCULATIONS!F10) -> platename-A08 | C29: =$B$10 -> default
A30: =CONCATENATE($B$12, "-",$B$9,"-",CALCULATIONS!F11,"-L",$B$8) -> 16S-A-A09-L0 | B30: =CONCATENATE($B$11,"-",CALCULATIONS!F11) -> platename-A09 | C30: =$B$10 -> default
A31: =CONCATENATE($B$12, "-",$B$9,"-",CALCULATIONS!F12,"-L",$B$8) -> 16S-A-A10-L0 | B31: =CONCATENATE($B$11,"-",CALCULATIONS!F12) -> platename-A10 | C31: =$B$10 -> default
A32: =CONCATENATE($B$12, "-",$B$9,"-",CALCULATIONS!F13,"-L",$B$8) -> 16S-A-A11-L0 | B32: =CONCATENATE($B$11,"-",CALCULATIONS!F13) -> platename-A11 | C32: =$B$10 -> default
A33: =CONCATENATE($B$12, "-",$B$9,"-",CALCULATIONS!F14,"-L",$B$8) -> 16S-A-A12-L0 | B33: =CONCATENATE($B$11,"-",CALCULATIONS!F14) -> platename-A12 | C33: =$B$10 -> default
... A117: =CONCATENATE($B$12, "-",$B$9,"-",CALCULATIONS!F98,"-L",$B$8) -> 16S-A-H12-L0 | B117: =CONCATENATE($B$11,"-",CALCULATIONS!F98) -> platename-H12 | C117: =$B$10 -> default

Sheet fastqlistTemplate
A1: CUPID-SEQ FASTQ_LIST TEMPLATE
A2: MAKE A COPY OF THIS TEMPLATE. DO NOT EDIT DIRECTLY.
A3: This template is intended to help you fill out the CUPID-seq fastq_list correctly and efficiently.
A4: Fill out one template for each 96-well plate of Round 2 UDIs used.
A5: Data in columns A–C, rows 14–109 should be copied to the CUPID-seq fastq_list file.
A6: Required fields are listed in green.
A7: well ordering | B7: A01 A02 A03... | C7: Indicate if sample names are arranged in A01, B01, C01... or A01, A02, A03... format.
A8: Round 2 index | B8: A | C8: Round 2 Illumina UDI set.
A9: run name | B9: 16S | C9: Optional run name. By default, runs are named '16S'.
A11: Columns A, B, and C below should be included in the fastqlist.
A12: List the paths to the FASTQ files for each Round 2 UDI.
A13: filename | B13: read1 | C13: read2
A14: =CONCATENATE($B$9, "-",$B$8,"-",CALCULATIONS!G3) -> 16S-A-A01
A15: =CONCATENATE($B$9, "-",$B$8,"-",CALCULATIONS!G4) -> 16S-A-A02
A16: =CONCATENATE($B$9, "-",$B$8,"-",CALCULATIONS!G5) -> 16S-A-A03
A17: =CONCATENATE($B$9, "-",$B$8,"-",CALCULATIONS!G6) -> 16S-A-A04
A18: =CONCATENATE($B$9, "-",$B$8,"-",CALCULATIONS!G7) -> 16S-A-A05
A19: =CONCATENATE($B$9, "-",$B$8,"-",CALCULATIONS!G8) -> 16S-A-A06
A20: =CONCATENATE($B$9, "-",$B$8,"-",CALCULATIONS!G9) -> 16S-A-A07
A21: =CONCATENATE($B$9, "-",$B$8,"-",CALCULATIONS!G10) -> 16S-A-A08
A22: =CONCATENATE($B$9, "-",$B$8,"-",CALCULATIONS!G11) -> 16S-A-A09
A23: =CONCATENATE($B$9, "-",$B$8,"-",CALCULATIONS!G12) -> 16S-A-A10
A24: =CONCATENATE($B$9, "-",$B$8,"-",CALCULATIONS!G13) -> 16S-A-A11
A25: =CONCATENATE($B$9, "-",$B$8,"-",CALCULATIONS!G14) -> 16S-A-A12
... A109: =CONCATENATE($B$9, "-",$B$8,"-",CALCULATIONS!G98) -> 16S-A-H12

Sheet CALCULATIONS
A1: This sheet used for calculations only. Do not edit or include in final samplesheet.
A2: well (A1, B1) | B2: well (A01, B01) | C2: well (A1, A2) | D2: well (A01, A02) | E2: well (this plate) | F2: well (padded, this plate, samplesheet) | G2: well (padded, this plate, fastqlist)
A3: A1 | B3: A01 | C3: A1 | D3: A01 | E3: =IF(samplesheetTemplate!$B$7="A01 B01 C01...", A3, IF(samplesheetTemplate!$B$7="A01 A02 A03...", C3,"NA")) -> A1 | F3: =IF(samplesheetTemplate!$B$7="A01 B01 C01...", B3, IF(samplesheetTemplate!$B$7="A01 A02 A03...", D3,"NA")) -> A01 | G3: =IF(fastqlistTemplate!$B$7="A01 B01 C01...", B3, IF(fastqlistTemplate!$B$7="A01 A02 A03...", D3,"NA")) -> A01
A4: B1 | B4: B01 | C4: A2 | D4: A02 | E4: =IF(samplesheetTemplate!$B$7="A01 B01 C01...", A4, IF(samplesheetTemplate!$B$7="A01 A02 A03...", C4,"NA")) -> A2 | F4: =IF(samplesheetTemplate!$B$7="A01 B01 C01...", B4, IF(samplesheetTemplate!$B$7="A01 A02 A03...", D4,"NA")) -> A02 | G4: =IF(fastqlistTemplate!$B$7="A01 B01 C01...", B4, IF(fastqlistTemplate!$B$7="A01 A02 A03...", D4,"NA")) -> A02
A5: C1 | B5: C01 | C5: A3 | D5: A03 | E5: =IF(samplesheetTemplate!$B$7="A01 B01 C01...", A5, IF(samplesheetTemplate!$B$7="A01 A02 A03...", C5,"NA")) -> A3 | F5: =IF(samplesheetTemplate!$B$7="A01 B01 C01...", B5, IF(samplesheetTemplate!$B$7="A01 A02 A03...", D5,"NA")) -> A03 | G5: =IF(fastqlistTemplate!$B$7="A01 B01 C01...", B5, IF(fastqlistTemplate!$B$7="A01 A02 A03...", D5,"NA")) -> A03
A6: D1 | B6: D01 | C6: A4 | D6: A04 | E6: =IF(samplesheetTemplate!$B$7="A01 B01 C01...", A6, IF(samplesheetTemplate!$B$7="A01 A02 A03...", C6,"NA")) -> A4 | F6: =IF(samplesheetTemplate!$B$7="A01 B01 C01...", B6, IF(samplesheetTemplate!$B$7="A01 A02 A03...", D6,"NA")) -> A04 | G6: =IF(fastqlistTemplate!$B$7="A01 B01 C01...", B6, IF(fastqlistTemplate!$B$7="A01 A02 A03...", D6,"NA")) -> A04
A7: E1 | B7: E01 | C7: A5 | D7: A05 | E7: =IF(samplesheetTemplate!$B$7="A01 B01 C01...", A7, IF(samplesheetTemplate!$B$7="A01 A02 A03...", C7,"NA")) -> A5 | F7: =IF(samplesheetTemplate!$B$7="A01 B01 C01...", B7, IF(samplesheetTemplate!$B$7="A01 A02 A03...", D7,"NA")) -> A05 | G7: =IF(fastqlistTemplate!$B$7="A01 B01 C01...", B7, IF(fastqlistTemplate!$B$7="A01 A02 A03...", D7,"NA")) -> A05
A8: F1 | B8: F01 | C8: A6 | D8: A06 | E8: =IF(samplesheetTemplate!$B$7="A01 B01 C01...", A8, IF(samplesheetTemplate!$B$7="A01 A02 A03...", C8,"NA")) -> A6 | F8: =IF(samplesheetTemplate!$B$7="A01 B01 C01...", B8, IF(samplesheetTemplate!$B$7="A01 A02 A03...", D8,"NA")) -> A06 | G8: =IF(fastqlistTemplate!$B$7="A01 B01 C01...", B8, IF(fastqlistTemplate!$B$7="A01 A02 A03...", D8,"NA")) -> A06
A9: G1 | B9: G01 | C9: A7 | D9: A07 | E9: =IF(samplesheetTemplate!$B$7="A01 B01 C01...", A9, IF(samplesheetTemplate!$B$7="A01 A02 A03...", C9,"NA")) -> A7 | F9: =IF(samplesheetTemplate!$B$7="A01 B01 C01...", B9, IF(samplesheetTemplate!$B$7="A01 A02 A03...", D9,"NA")) -> A07 | G9: =IF(fastqlistTemplate!$B$7="A01 B01 C01...", B9, IF(fastqlistTemplate!$B$7="A01 A02 A03...", D9,"NA")) -> A07
A10: H1 | B10: H01 | C10: A8 | D10: A08 | E10: =IF(samplesheetTemplate!$B$7="A01 B01 C01...", A10, IF(samplesheetTemplate!$B$7="A01 A02 A03...", C10,"NA")) -> A8 | F10: =IF(samplesheetTemplate!$B$7="A01 B01 C01...", B10, IF(samplesheetTemplate!$B$7="A01 A02 A03...", D10,"NA")) -> A08 | G10: =IF(fastqlistTemplate!$B$7="A01 B01 C01...", B10, IF(fastqlistTemplate!$B$7="A01 A02 A03...", D10,"NA")) -> A08
A11: A2 | B11: A02 | C11: A9 | D11: A09 | E11: =IF(samplesheetTemplate!$B$7="A01 B01 C01...", A11, IF(samplesheetTemplate!$B$7="A01 A02 A03...", C11,"NA")) -> A9 | F11: =IF(samplesheetTemplate!$B$7="A01 B01 C01...", B11, IF(samplesheetTemplate!$B$7="A01 A02 A03...", D11,"NA")) -> A09 | G11: =IF(fastqlistTemplate!$B$7="A01 B01 C01...", B11, IF(fastqlistTemplate!$B$7="A01 A02 A03...", D11,"NA")) -> A09
A12: B2 | B12: B02 | C12: A10 | D12: A10 | E12: =IF(samplesheetTemplate!$B$7="A01 B01 C01...", A12, IF(samplesheetTemplate!$B$7="A01 A02 A03...", C12,"NA")) -> A10 | F12: =IF(samplesheetTemplate!$B$7="A01 B01 C01...", B12, IF(samplesheetTemplate!$B$7="A01 A02 A03...", D12,"NA")) -> A10 | G12: =IF(fastqlistTemplate!$B$7="A01 B01 C01...", B12, IF(fastqlistTemplate!$B$7="A01 A02 A03...", D12,"NA")) -> A10
A13: C2 | B13: C02 | C13: A11 | D13: A11 | E13: =IF(samplesheetTemplate!$B$7="A01 B01 C01...", A13, IF(samplesheetTemplate!$B$7="A01 A02 A03...", C13,"NA")) -> A11 | F13: =IF(samplesheetTemplate!$B$7="A01 B01 C01...", B13, IF(samplesheetTemplate!$B$7="A01 A02 A03...", D13,"NA")) -> A11 | G13: =IF(fastqlistTemplate!$B$7="A01 B01 C01...", B13, IF(fastqlistTemplate!$B$7="A01 A02 A03...", D13,"NA")) -> A11
A14: D2 | B14: D02 | C14: A12 | D14: A12 | E14: =IF(samplesheetTemplate!$B$7="A01 B01 C01...", A14, IF(samplesheetTemplate!$B$7="A01 A02 A03...", C14,"NA")) -> A12 | F14: =IF(samplesheetTemplate!$B$7="A01 B01 C01...", B14, IF(samplesheetTemplate!$B$7="A01 A02 A03...", D14,"NA")) -> A12 | G14: =IF(fastqlistTemplate!$B$7="A01 B01 C01...", B14, IF(fastqlistTemplate!$B$7="A01 A02 A03...", D14,"NA")) -> A12
... A98: H12 | B98: H12 | C98: H12 | D98: H12 | E98: =IF(samplesheetTemplate!$B$7="A01 B01 C01...", A98, IF(samplesheetTemplate!$B$7="A01 A02 A03...", C98,"NA")) -> H12 | F98: =IF(samplesheetTemplate!$B$7="A01 B01 C01...", B98, IF(samplesheetTemplate!$B$7="A01 A02 A03...", D98,"NA")) -> H12 | G98: =IF(fastqlistTemplate!$B$7="A01 B01 C01...", B98, IF(fastqlistTemplate!$B$7="A01 A02 A03...", D98,"NA")) -> H12
